restaurant name,cuisine,restaurant url,general rating,restaurant in page number,delivery time,delivery fees,minimum order,tracking status,contactless,menu items,Address,Reviews URL,Pre-Order status,Payment types,reviews rating value,reviews Ratings count,reviews count,General review,Order Packaging reviews,Value for money reviews,Delivery time reviews,Quality of food reviews,Customer reviews
Nepton Juice,Juices,https://www.talabat.com/kuwait/restaurant/678302/nepton-juice-al-ahmadi?aid=32,Very good,95,Within 29 mins,Free,0.000,Live Tracking,Contactless drop-off,,"in Al-Ahmadi, Kuwait",https://www.talabat.com/kuwait/nepton-juice,No,"Visa payment available, Mastercard payment available, KNET payment available, Cash payment available",4.0,96,98,"Nepton Juice is a restaurant located in Kuwait, serving a selection of Juices that delivers across Abu Halifa, Adan, Al-Ahmadi, Al-Ahmadi and Ali Sabah Al-Salem - Umm Al Hayman.; They have been reviewed 96 times by talabat users, with a rating of 4.",,,,,shoug a***: Ø·Ù„Ø¨ÙŠ ØºÙ„Ø· (15 December 2022); Naser A***: Missed item then they told it is not available after i called talabat (20 September 2022); Ø¹Ø¨Ø¯Ø§Ù„Ù„Ù‡ Ø£Ø­Ù…Ø¯ Ø§Ù„ØµØ§Ø¨Ø±ÙŠ A***: Ø¹ØµØ§Ø¦Ø±Ù‡ Ø¹Ø¨Ø§Ø±Ù‡ Ø¹Ù† Ù…Ø§Ø¡ Ù…Ø¹Ù‰ Ø³ÙÙƒØ± ÙˆØ§Ø§Ù„Ù…Ù†Ù‚Ø§ Ù„ÙØ±ØºÙ„ÙŠ Ø·Ø¹Ù…Ù‡ Ø·Ø¹Ù… ÙƒÙŠ Ø¯ÙŠ Ø¯ÙŠ Ù„Ø§ Ø§Ø¨Ø§Ù„Øº Ù„Ø§ÙƒÙ† ÙˆØ§Ù„Ù„Ù‡ Ø§ÙˆÙ„ Ù…Ø±Ù‡ Ø§Ø·Ù„Ø¨ ÙˆØ¨Ø§Ù„ÙŠÙˆÙ… Ø§Ù„ØªØ§Ù„ÙŠ Ø§ØªØ°ÙƒØ± Ø§Ù„ÙŠ Ø·Ù„Ø¨ØªÙ‡ ÙˆØ§ Ø§Ù†Ø¯Ù… ÙˆØ§Ù‚Ø³Ù… Ù„ÙƒÙ… Ø§Ù†ÙŠ ÙƒØ±Ù‡Øª Ø§Ù„Ø¹ØµØ§Ø¦Ø± Ù…Ù† Ø¨Ø¹Ø¯ Ù‡Ø§Ù„Ù…Ø·Ø¹Ù… Ø¨Ø¯ÙˆÙ† Ø§Ù‡Ø§Ù†Ù‡ ÙˆØ§Ù†Ù…Ø§ Ø§ØªÙƒÙ„Ù… Ø¹Ù† Ø°ÙˆÙ‚ÙŠ (02 July 2022); First Name L***: Ø§Ù„Ù†ÙÙŠØ´ Ù…Ø­Ø²Ø± ÙˆØ§Ù„Ø°Ø±Ù‡ Ø¨Ø§ÙŠØªÙ‡ ÙˆØ¬Ø¨Ù†Ø© Ø§Ù„Ù†Ø§ØªØ´ÙˆØ² Ù…Ø§Ø§Ø§ÙŠ ÙˆØ·Ø¨Ù‚ Ø§Ù„ÙÙˆØ§ÙƒÙ‡ Ù…Ø§Ù„ Ø§Ù„Ø§Ù†Ø§Ø³ Ø¬Ø§Ù†ÙŠ Ø¨Ø¹Ù„Ø¨Ø© Ø¨Ù„Ø§Ø³ØªÙŠÙƒ! Ø§Ù„Ù„ÙŠ ØµØ§Ø± Ù…Ø¹Ø§ÙŠ ÙÙ„Ù…! (14 June 2022); Alaa A***: Ø·Ø§Ù„Ø¨Ø© Ø§Ù„Ø°Ø±Ø© Ù…Ù† ØºÙŠØ± Ù„ÙŠÙ…ÙˆÙ† ÙˆØ¬Ø§ÙŠØ¨ÙŠÙ†Ù‡Ø§ Ù„ÙŠ Ù…ØªØ±ÙˆØ³Ø© Ù„ÙŠÙ…ÙˆÙ† + Ø§Ù„Ø²ÙŠØª ÙˆØ§Ø¬Ø¯ Ù…Ø¹ Ø§Ù†ÙŠ Ù…Ùˆ Ø·Ø§Ù„Ø¨Ø© Ø²ÙŠØª Ø¨Ø³ Ø·Ù„Ø¨Øª Ø¨Ø§Ù„Ø°Ø±Ø© ( Ù…Ù„Ø­ / Ø²Ø¨Ø¯Ø© / ÙÙ„ÙÙ„ Ø§Ø³ÙˆØ¯ ) ØŒ Ø¨Ø³ Ù…Ø§ Ø§Ù„ØªØ²Ù…ØªÙˆ Ø¨Ø§Ù„ØªØ¹Ù„ÙŠÙ…Ø§Øª ... Ø§Ø®ØªÙŠØ§Ø± Ø³ÙŠØ¡ ÙˆØ§Ø®Ø± Ù…Ø±Ù‡ Ù†Ø·Ù„Ø¨ Ù…Ù†ÙƒÙ… Ø§ÙØ´Ù„ Ù…Ø·Ø¹Ù… Ù…Ù…ÙƒÙ† ØªØ°ÙˆÙ‚ÙˆÙ† Ù…Ù†Ù‡ Ø°Ø±Ù‡ + Ø·Ø§Ù„Ø¨Ø© Ø³ÙˆØ¨Ø± Ù…ÙƒØ³ ØªÙˆØª Ø§Ø²Ø±Ù‚ ÙˆÙ…Ø§ Ø­Ø³ÙŠØª Ø¨Ø§Ù„ØªÙˆØª Ø§Ù„Ø§Ø²Ø±Ù‚ Ø§ØªÙ…Ù†Ù‰ ØªØªØºÙŠØ± Ø®Ø¯Ù…ØªÙƒÙ… Ù„Ø§Ù†Ù‡Ø§ Ø³ÙŠØ¡ Ø­ÙŠÙ„ ØŒ ÙˆØ§Ø®Ø± Ù…Ø±Ù‡ Ù†Ø¬Ø±Ø¨ Ø§Ù„Ù…Ø·Ø¹Ù… Ù„Ø§Ù†Ù‡ Ø³ÙŠØ¡ Ø­ÙŠÙ„ (10 June 2022); mostafa m***: Ø´ÙƒØ±Ø§ (05 February 2022); hazem h***: Ù…Ù…ØªØ§Ø² (04 February 2022); Ø§Ù… ÙØ§ÙŠØ² Ø§***: Ù…Ù…ØªØ§Ø²ğŸ‘ğŸ» (29 January 2022); hazem h***: Ø§Ù„Ù„Ù‡ ÙŠØ¹Ø·ÙŠÙƒÙ… Ø§Ù„Ø¹Ø§ÙÙŠÙ‡ (28 January 2022); kim r***: Ù…Ù…ØªØ§Ø² (28 January 2022); mostafa m***: Ø´ÙƒØ±Ø§ (22 January 2022); mostafa m***: so nice (18 January 2022); hana i***: Ø¬ÙŠØ¯ (05 January 2022); mostafa m***: Ø§Ù„Ù…ÙŠÙ†ÙŠ Ø¨Ø§Ù† ÙƒÙŠÙƒ Ø­Ø§Ø± ÙˆØ±ÙˆØ¹Ù‡ Ø§Ù„Ù„Ù‡ Ø¨ÙŠØ¹Ø·ÙŠÙƒÙ… Ø§Ù„Ø¹Ø§ÙÙŠÙ‡ (26 December 2021); ÙØ§Ø·Ù…Ø© Ø§***: Ø§Ù„Ø¹ØµØ§ÙŠØ± Ø¹Ù„Ø¨ØªÙ‡Ù… Ù…ÙƒØ³ÙˆØ±Ø© ÙˆÙƒÙ„ Ø§Ù„Ø¹ØµÙŠØ± Ø¨Ø§Ù„ÙƒÙŠØ³ ÙˆÙ…Ø¯Ù…Ø± Ø§Ù„Ø¯Ù†ÙŠØ§ ÙˆØ§Ù„Ù…ÙˆÙƒØ§ ÙƒØ±Ø§Ù…ÙŠÙ„ Ù…Ø§ØªÙ†Ø´Ø±Ø¨ Ø«Ø§Ù†ÙŠ Ù…Ø±Ø© ØªØºÙ„ÙŠÙ Ø§Ø­Ø³Ù† Ù…Ù† Ø¬Ø°ÙŠ (15 December 2021); hazem h***: ÙˆØ§ÙŠØ¯ Ø­Ù„Ùˆ (08 December 2021); hazem h***: so nice (08 December 2021); mostafa m***: ØªÙ…Ø§Ø§Ø§Ø§Ø§Ù… (03 December 2021); mostafa m***: Ù…Ø´ÙƒÙˆØ±ÙŠÙ† Ù…Ø§ Ù‚ØµØ±ØªÙ… (23 November 2021); Hossam H***: Ø±Ø§Ø¦Ø¹ (20 November 2021); Ali b***: Ø¹ØµÙŠØ± Ø§Ù„Ø¬ÙˆØ§ÙÙ‡ ÙŠØ¨ÙŠÙ„Ù‡ Ø´ØºÙ„ Ø²ÙŠØ§Ø¯Ù‡ (20 November 2021); Retaj A***: Ø³Ø±ÙŠØ¹Ø¹ ÙˆØ§Ù„Ø§ÙƒÙ„ Ù„Ø¯ÙŠØ°Ø° (14 November 2021); mostafa m***: Ø´ÙƒØ±Ø§ Ù„ÙƒÙ… (14 November 2021); hazem h***: Ø±Ù‡ÙŠØ¨ (10 November 2021); Ø§Ø±ÙŠØ¬ Ø§***: . (06 November 2021); wadha r***: Ø´ÙƒØ±Ø§â¤ï¸â¤ï¸ (06 November 2021); mostafa m***: Ø·Ù„Ø¨ÙŠ ÙˆØµÙ„ Ø¨ÙˆÙ‚Øª Ø£Ø³Ø±Ø¹ Ù…Ù† Ø§Ù„Ù…Ø¹ØªØ§Ø¯ (05 November 2021); Munira M***: Ø´ÙƒØ±Ø§ (05 November 2021); Ù…Ø§Ø¬Ø¯ Ù…***: Ù…Ø¯Ø±ÙŠ Ø¨Ø³ Ù…Ø§Ø¹Ø¬Ø¨Ù†ÙŠ (05 November 2021); Ø¹Ø¨Ø¯ Ø§Ù„Ø±Ø­Ù…Ù† Ø§***: Ù„Ø§ ØªØ·Ù„Ø¨ÙˆÙ† Ù…Ù†Ù‡ (05 November 2021); Renad A***: Ø§Ù†ØªÙ… Ù…Ø°Ù‡Ù„ÙˆÙˆÙ† â¤ï¸ğŸ’ªğŸ» (05 November 2021); Ø±Ø§Ø´Ø¯ Ø§***: Ù„Ø°ÙŠØ° (04 November 2021); Ø±Ø§Ø´Ø¯ Ø§***: Ø±Ø§Ø¦Ø¹ (03 November 2021); Ø­Ø³Ø§Ù… Ø¹Ø«Ù…Ø§Ù† Ø§Ù„Ø­Ø±Ø§Ù†Ù‰ Ø§***: Great (01 November 2021); MO F***: Ø®Ù„Ø·Ø§Øª Ø§Ù„Ø±ÙŠØ¯ Ù‚ÙˆÙŠÙ‡ Ø­ÙŠÙ„ ÙˆÙˆØµÙ„ Ù…Ø¸Ø¨ÙˆØ· Ø§Ù„Ù„Ù‡ Ø¨ÙŠØ¹Ø·ÙŠÙƒÙ… Ø§Ù„Ø¹Ø§ÙÙŠÙ‡ (30 October 2021); M Q***: ÙƒÙ„ Ø´ÙŠ Ø­Ù„Ùˆ Ø¹Ù†Ø¯Ù‡Ù… Ø¨Ø³ ØªØ£Ø®ÙŠØ± Ø§Ù„ÙˆÙ‚Øª ğŸ˜ (30 October 2021); Ahmed S***: Ù„Ø°ÙŠØ°Ø°Ø°Ø°Ø° (30 October 2021); ÙØ§Ø·Ù…Ø© Ø§***: Ø§Ù„Ù‚Ù‡ÙˆØ© Ø§Ù„Ù…ÙˆÙƒØ§ Ø§Ù„Ø§ØªÙŠÙ‡ Ù„Ø°ÙŠØ°Ø© ÙƒØªØ¬Ø±Ø¨Ø© Ø£ÙˆÙ„Ù‰ ÙˆÙŠØ§Ù‡Ù… Ø³ÙƒØ±Ù‡Ø§ Ù‚Ù„ÙŠÙ„ Ù…Ùˆ ÙƒØ«ÙŠØ± ÙˆÙ‡Ø°Ø§ Ø§Ù„ØµØ­ /Ø§Ù„Ù†ÙÙŠØ´ Ù„Ø°ÙŠØ° Ø¹Ø¬Ø¨Ù†ÙŠ ÙˆÙƒÙŠÙƒØ© Ø§Ù„Ø²Ø¹ÙØ±Ø§Ù† Ø§Ù„ØµÙˆØµ ØªØ¨Ø¹Ù‡ Ù…Ø§Ø­Ø¨ÙŠØªÙ‡ (29 October 2021); mostafa m***: Ø¹Ø¬ÙŠØ¨ Ù…Ø§ Ø´Ø§Ø¡ Ø§Ù„Ù„Ù‡ (27 October 2021)
Saray Al Turkey,"Pastries, Grills, Pizza",https://www.talabat.com/kuwait/restaurant/743591/saray-al-turkey-mahboula?aid=32,Amazing,95,Within 29 mins,Free,0.000,Live Tracking,Contactless drop-off,Potatoes: 0.600; Hummus: 1.000; Baba Ghannouj: 1.000; Muhammara: 1.000; Muttabal: 1.000; Mixed Appetizers: 2.500; Chicken Shawerma Sandwich: 0.600; Chicken Shawarma Saroukh Sandwich: 1.500; Tikka Saroukh Sandwich: 2.250; Shish Tawook Saroukh Sandwich: 1.750; Kebab Saroukh Sandwich: 1.750; Mix Grill: 3.000; Meat Kebab: 2.750; Chicken khashkhash  Kebab: 2.750; Chicken Kebab: 2.500; Meat Tikka: 3.250; Shish Tawook: 2.400; Meat Arayes: 1.750; Meat Arayes With Cheese: 2.000; Half Alfaham Chicken: 1.750; Whole Alfaham Chicken: 2.850; Chicken Shawerma Dish: 2.400; Ketchup: 0.150; Pickled Cucumber: 0.300; Pickles: 0.300; Garlic Dip: 0.200; Cola: 0.250; Sprite: 0.250; Water: 0.200; Cola Zero: 0.250; Sprite Zero: 0.250; Diet Cola: 0.250; Fanta: 0.250,"in Mahboula, Kuwait",https://www.talabat.com/kuwait/saray-al-turkey,No,"Visa payment available, Mastercard payment available, KNET payment available, Cash payment available",4.0,6,6,"Saray Al Turkey is a restaurant located in Kuwait, serving a selection of Pastries, Grills, Pizza that delivers across Mahboula.; They have been reviewed 6 times by talabat users, with a rating of 4.",,,,,Ahmad A***: Ø¹Ø¬Ø¨Ù†ÙŠ Ø§Ù„ÙƒØ¨Ø§Ø¨ ÙˆÙØ·ÙŠØ±Ø© Ø§Ù„Ù„Ø­Ù… Ø·Ø¨Ù‚ Ø§Ù„Ù…Ù‚Ø¨Ù„Ø§Øª Ø±Ø§Ù‡ÙŠ Ø¹Ø¬Ø¨Ù†ÙŠ ÙÙŠÙ‡ Ø§Ù„Ø­Ù…Øµ ÙˆØ§Ù„Ù…ØªØ¨Ù„ .. Ø§Ù„Ø¯Ø¬Ø§Ø¬ ÙˆØ§Ù„Ø¹ÙƒØ§ÙˆÙŠ Ø¨Ø­Ø§Ø¬Ø© ØªØ·ÙˆÙŠØ± thanks (28 October 2024); moodi A***: Ù…ØªØªØ§Ø² (26 October 2024); koko n***: Ù…Ù…ØªØ§Ø² Ø¬Ø¯Ø¢ ÙˆØ§Ù„Ø§ÙƒÙ„ Ù…Ø§Ø´Ø§Ø¡Ø§Ù„Ù„Ù‡ ÙˆØ¨Ø§Ù„ØªÙˆÙÙŠÙ‚ Ø¨Ø¥Ø°Ù† Ø§Ù„Ù„Ù‡ ğŸŒ¹ (23 October 2024)
Azar,"Biryani, Indian, Breakfast, Kuwaiti",https://www.talabat.com/kuwait/restaurant/29458/azarsabah-al-salem?aid=32,Good,95,Within 50 mins,0.500,0.000,,,Chicken Biryani: 4.050; Chicken Butter Creamy: 3.250; Butter Naan Bread: 0.750; Lamb Biryani: 5.650; Biryani Rice: 2.100; Tandoori Papad: 0.750; Butter Naan Bread: 0.750; Tandoori Papad: 0.750; Creamy Corn Soup: 1.250; Creamy Chicken Soup: 1.450; Lamb Biryani: 5.650; Shrimp Biryani: 5.650; Chicken Biryani: 4.050; Biryani Rice: 2.100; Chicken Butter Creamy: 3.250; Mayonnaise Salad: 1.900; Beetroot Salad: 2.400; Coca-Cola: 0.250; Coca-Cola Light: 0.250; Fanta Orange: 0.250; Fanta Strawberry: 0.250; Sprite: 0.250; Kinza Cola: 0.250; Kinza Diet Cola: 0.250; Kinza Citrus: 0.250; Kinza Orangr: 0.250; Kinza Lemon: 0.250; Kinza Lemon Zero: 0.250; Mineral Water: 0.250; Ayran Mint Milk: 0.400; Ayran Original Milk: 0.400; Ayran Milk 0 Fat: 0.400,"in Sabah Al-Salem, Kuwait",https://www.talabat.com/kuwait/restaurant-azar,Yes,"Visa payment available, Mastercard payment available, KNET payment available, Cash payment available",4.0,3686,2633,"Azar is a restaurant located in Kuwait, serving a selection of Biryani, Indian, Breakfast that delivers across Abu Ftaira, Abu Halifa, Abu Hasaniya, Adan and Al Masayel.; They have been reviewed 3686 times by talabat users, with a rating of 4.",,,,,"mail i***: ÙƒØ§Ù† Ø§Ù„Ø·Ù„Ø¨ Ø¬Ù…ÙŠÙ„ ÙˆÙ„Ø°ÙŠØ° Ø¬Ø¯Ø§ (01 April 2025); D N***: Ø¬ÙŠØ¯ Ø¬Ø¯Ø§ Ø¨Ø³ Ø®Ø¨Ø² Ø§Ù„Ù†Ø§Ù†Ùˆ Ù…ÙˆØ°Ø§Ùƒ Ø§Ù„Ø²ÙˆØ¯ ØŒ Ø³Ù„Ø·Ø© Ø§Ù„Ù…Ø§ÙŠÙ†ÙˆÙ†ÙŠØ² ÙˆØ§Ù„Ø¯Ø¬Ø§Ø¬ Ø¨Ø§Ù„Ø²Ø¨Ø¯Ù‡ ÙƒØ§Ù†Ùˆ Ø²ÙŠÙ†ÙŠÙ† (31 March 2025); Ù†Ø§ØµØ± Ø§***: Ù…Ø·Ø¹Ù… Ù‚ÙˆÙŠâ¤ï¸ (24 March 2025); Ù… Ù…***: Ø§Ù„Ø¯Ø¬Ø§Ø¬ Ø¹Ø±Ø¯ Ù…Ùˆ Ù…Ø·Ø¨ÙˆØ® Ø¹Ø¯Ù„. ÙˆØ§ØµÙ„Ø§ Ø§Ù†Ø§ Ø¶ØºØ·Øª Ø¹Ù„Ù‰ Ù…Ø·Ø¹Ù… Ù…Ø®ØªÙ„Ù ÙˆÙ…Ø§ Ø§Ù†ØªØ¨Ù‡Øª Ø§Ù†Ù‡ ÙØªØ­ Ø¹Ù„Ù‰ Ø§Ø²Ø§Ø± ÙˆØªÙ… Ø§Ù„Ø·Ù„Ø¨ Ù…Ù†Ù‡. Ø§Ù„Ø³Ø§ÙŠÙ‚ Ù…Ø­ØªØ±Ù… (23 March 2025); Ø£Ø­Ù…Ø¯ Ø§***: Ù„Ø°ÙŠÙŠÙŠÙŠØ° (20 March 2025); Yousef H***: Ø¨Ø§Ø±Ø¯ ÙˆØ§Ù„Ø¯Ø¬Ø§Ø¬ Ø§Ø³ÙˆØ¯ Ù…Ø­ØªØ±Ù‚ (06 March 2025); Fatema A***: Ø®Ø¨Ø± Ø§Ù„Ù†Ø§Ù† ÙŠØ§Ø§Ø§Ø§Ø¨Ø³ Ù…Ø§ ÙŠØªØ¹Ù„Ø¬ Ø¬Ø¯Ø§Ù‹ Ø¬Ø¯Ø§Ù‹ Ø³Ù‰Ø¡ (05 March 2025); Amani R***: Ø§Ù„Ø§ÙƒÙ„ Ù„Ù… ÙŠØµÙ„ (05 February 2025); om habib a***: Ø§ÙƒÙ„ÙƒÙ… Ù„Ø°ÙŠØ° (10 January 2025); Sam G***: very good spices and portion size. disappointed I only got 1 small cauliflower in a huge biryani. (05 January 2025); Rawabi A***: Ø§Ù„Ø¨Ø±ÙŠØ§Ù†ÙŠ Ù„Ø°ÙŠØ° Ø¬Ø¯Ø§Ù‹ on time (04 January 2025); Mohammed F***: the nan bread was dry (30 December 2024); Ø£Ø­Ù…Ø¯ Ø§***: Ù‚ÙˆÙŠğŸŒ¹ (10 December 2024); Ø¹Ø¨Ø¯Ø§Ù„Ù„Ù‡ Ø§***: Ø·Ù„Ø¨Øª Ø¨Ø±ÙŠØ§Ù†ÙŠ Ø±ÙˆØ¨ÙŠØ§Ù† Ø¨ 4 Ø¯Ù†Ø§Ù†ÙŠØ± Ø­ØµÙ„Øª Ø¨Ø³ 4 Ø­Ø¨Ø§Øª Ø±Ø¨ÙŠØ§Ù† ÙŠØ¹Ù†ÙŠ ÙƒÙ„ Ø±Ø¨ÙŠØ§Ù†Ù‡ Ø¨Ø¯ÙŠÙ†Ø§Ø± (26 November 2024); Ø§Ù…Ù„ Ø§***: Ø±ÙˆØ¨ÙŠØ§Ù† Ù‚Ù„ÙŠÙ„ ÙˆØµØºÙŠØ± (25 November 2024); Haitham A***: Ø¨Ù‡Ø§Ø±Ø§Øª ÙˆØ§ÙŠØ¯ Ø§Ù„ØµØ±Ø§Ø­Ù‡ (23 November 2024); mona h***: Ø£Ø­Ù„Ù‰ ÙˆØ£Ù‚ÙˆÙ‰ Ø¨Ø±ÙŠØ§Ù†ÙŠ ÙˆØ¨ØªØ± Ø¬ÙŠÙƒÙ† (21 November 2024); Aa A***: Ø¬ÙŠØ¯ ÙˆÙ…Ø³ØªÙ…Ø± Ø¹Ù„Ù‰ Ø§Ù„Ù…Ø³ØªÙˆÙ‰ Ù„Ø°ÙŠØ° ÙˆØ§Ø³Ø¹Ø§Ø±Ù‡ Ø¬ÙŠØ¯Ù‡ (18 November 2024); NIROJ L***: LOVELY FOOD he is always so nice (15 November 2024); Dana A***: Ø§Ù„Ù…Ø·Ø¹Ù… Ø§Ù‚Ù„ Ù…Ù† Ø¹Ø§Ø¯ÙŠ (03 November 2024); Hanadi A***: Ø¨Ø³ Ø§Ù„Ù„Ø­Ù… ÙƒØ§Ù† Ù…ØªÙØªØª (02 November 2024); NIROJ L***: So tender juicy chicken; I loved it â¤ï¸â¤ï¸ 5 star very good and humble rider (02 November 2024); Ù†Ø§ØµØ± Ø§***: Ø­Ù„Ùˆ (24 October 2024); Dawood A***: Ø§Ø³ÙˆØ¡ Ø¬ÙƒÙ† Ø¨ØªØ± Ø¨Ø§Ù„Ø­ÙŠØ§Ø©.. ÙƒØ§Ù† ÙƒÙ„ Ø´ÙŠ Ø§Ù„Ø§ Ø§Ù†Ù‡ Ø¬ÙƒÙ† Ø¨ØªØ± ÙˆØ§ÙŠØ¯ Ø®ÙÙŠÙ Ùˆ Ù…Ø§Ù„Ù‡ Ø·Ø¹Ù….. Ø§Ù„Ø¹ÙŠØ´ Ø¨Ø¹Ø¯ ÙØ§Ù‡ÙŠ ÙˆØ§Ù„Ù†Ø§Ù† Ø«Ù‚ÙŠÙ„Ù„Ù„ (14 October 2024); Ù†Ø§ØµØ± Ø§***: Ø­Ø¯Ù‡ Ù‚ÙˆÙŠ ÙŠØ¹Ø·ÙŠÙƒÙ… Ø§Ù„Ø¹Ø§ÙÙŠÙ‡ ğŸŒ· (11 October 2024); Ø£Ø­Ù…Ø¯ Ø§***: Ù„Ø°ÙŠÙŠØ° (11 October 2024); BoAli A***: ÙˆØµÙ„ Ø­Ø§Ø± Ø·Ù„Ø¨Øª Ø¨Ø±ÙŠØ§Ù†ÙŠ Ø±Ø¨ÙŠØ§Ù† ÙƒÙ…ÙŠÙ‡ Ø§Ù„Ø±Ø¨ÙŠØ§Ù† Ù…Ù‚Ø§Ø±Ù†Ù‡ Ø¨Ø§Ù„Ø³Ø¹Ø± Ø­ÙŠÙ„ Ø´ÙˆÙŠÙ‡ Ø§Ù„Ø±Ø¨ÙŠØ§Ù† ÙˆØ§Ù„Ù…Ø±Ù‚ Ø´ÙˆÙŠÙ‡ ÙˆÙ…Ùˆ Ø­Ø§Ø·ÙŠÙ† Ù…Ø¹Ø§Ø¨ÙŠØ¬ (08 October 2024); Dee B***: Ø§Ù„Ø·Ø¹Ù… Ø³ÙŠØ¡ ÙˆØ§Ù„Ø¯Ø¬Ø§Ø¬ Ù‚Ù„ÙŠÙ„ Ø§Ù„Ø¹ÙŠØ´ Ù…Ø§ÙÙŠ Ø·Ø¹Ù… Ù…Ø§ØµØ® ÙˆÙ„Ø§ ÙÙŠ Ù†ÙƒÙ‡Ù‡ (02 October 2024); jack w***: packagin is elegant,food was hot and tasty but took too much time i have ordered 8:52 recieved 10:17 (02 October 2024); Asna N***: price is very expensive according to the quantity ....Taste is ok ...not so wow ... (22 September 2024); Haifa A***: Ø§Ù„ÙƒÙ…ÙŠÙ‡ ÙƒØ§Ù†Øª Ø­Ù„ÙˆÙ‡ ÙˆØ§Ù„Ø·Ù„Ø¨ ÙˆØµÙ„ Ø­Ø§Ø± Ø¨Ø³ Ø§Ù„Ø·Ø¹Ù… Ù…Ø§Ø§Ø§Ø§Ø§Ø§ØµØ® Ù…Ø§ÙÙŠÙ‡ Ø§ÙŠ Ø·Ø¹Ù…Ù…Ù… Ø¨Ø§Ù„Ø¨ØªØ±Ø¬ÙƒÙ† Ø­Ø±ÙÙŠØ§Ù‹ ÙƒØ£Ù†ÙŠ Ø§ÙƒÙ„ Ù…Ø§ÙŠ ÙˆØ¯Ø¬Ø§Ø¬ (17 September 2024); khaled a***: Ø§Ù„Ø§ÙƒÙ„ Ø³ÙŠ Ø¬Ø¯Ø§ (17 September 2024); Ø¹Ø¨Ø¯Ø§Ù„Ù„Ù‡ Ø§***: Ø§Ù„Ù…Ø±Ù‚ Ø´ÙˆÙŠÙ‡ (15 September 2024); Ismail A***: Ø§Ù„Ø¯Ø¬Ø§Ø¬ ÙƒØ§Ù† Ù…Ø­Ø±ÙˆÙ‚ Ø¹Ù„Ù…Ø§ Ø¨Ø£Ù†Ù†Ø§ Ø·Ù„Ø¨Ù†Ø§ ÙÙŠ Ù…Ø±Ø© Ø³Ø§Ø¨Ù‚Ø© ÙƒØ§Ù† Ù…Ù…ØªØ§Ø² Ø§Ù„Ø¯Ø¬Ø§Ø¬ ØºÙŠØ± Ù…Ø­Ø±ÙˆÙ‚ ÙÙŠØ§ Ø±ÙŠØª ÙŠÙ†ØªØ¨Ù‡ Ø§Ù„Ù…Ø·Ø¹Ù… Ù„Ø°Ù„Ùƒ (13 September 2024); Ø¨Ùˆ Ø±Ø§Ø´Ø¯ A***: ÙŠÙÙˆØ² Ø§Ù„ØµØ±Ø§Ø­Ù‡ Ø¨Ø±ÙŠØ§Ù†ÙŠ Ø§Ù„Ù„Ø­Ù… Ø±ÙŠØ­ØªÙ‡ Ø®Ù†ÙŠÙ†Ù‡ (11 September 2024); ÙØ§Ø·Ù…Ù‡ Ù***: Ø´ÙƒØ±Ù‹Ø§ Ø´ÙƒØ±Ù‹Ø§ (10 September 2024); Ø­ØµÙ‡ Ø§***: Ù…Ù…ØªØ§Ø² ÙˆÙ†Ø¸ÙŠÙ â­ï¸â­ï¸â­ï¸â­ï¸â­ï¸â­ï¸â­ï¸â­ï¸ (09 September 2024); Ø±ÙÙ‡ÙŠÙ…Ø§Ù† Ø§***: Ø¬Ù…ÙŠÙ„ Ùˆ Ø­Ø§Ø± ÙˆØªÙˆØµÙŠÙ„ Ø³Ø±ÙŠØ¹ Ù…Ø­ØªØ±Ù… Ø¬Ø¯Ø§ ÙˆØªÙˆØµÙŠÙ„Ù‡ Ø³Ø±ÙŠØ¹ (03 September 2024); Ù†Ø§ØµØ± Ø§***: Ø­Ù„Ùˆ (01 September 2024); Ø£Ø­Ù…Ø¯ Ø§***: Ù‚ÙˆÙŠ (31 August 2024); Kuw A***: Ø³ÙŠØ¡ Ù„Ù„ØºØ§ÙŠÙ‡ Ø³ÙŠØ¡ Ù„Ù„ØºØ§ÙŠÙ‡ (30 August 2024); Rawabi A***: Ø·Ø¹Ù… Ù„Ø°ÙŠØ° ØµÙƒ Ø¹Ù„Ù‰ Ù…ØºÙ„ Ù…Ø­Ù„ğŸ˜ (26 August 2024); Sara H***: Ø±Ø§Ø¦Ø¹ğŸ¤© Ù…Ù…ØªØ§Ø§Ø§Ø² (19 August 2024); Hanadi A***: ÙƒÙ…ÙŠÙ‡ Ø§Ù„Ù„Ø­Ù… ÙˆØ§Ù„Ø±ÙˆØ¨ÙŠØ§Ù† Ù‚Ù„Øª Ù…Ùˆ Ù†ÙØ³ Ù‚Ø¨Ù„ (18 August 2024); Adel M***: taaaaastellllllesssssssss , looks like food but taste nothing like food , worst indian food (15 August 2024); Mohammed O***: the food was spoiled (12 August 2024); Mazen M***: amazing ğŸ‘ (09 August 2024); Marwa -***: the butter chicken is bland (06 August 2024); R ***: Ø§Ù„Ø¨Ø±ÙŠØ§Ù†ÙŠ Ù‚ÙˆÙŠÙŠ Ø¨Ø³ Ù…Ù„Ø§Ø­Ø¸ØªÙŠ Ø§Ù„ÙˆØ­ÙŠØ¯Ù‡ Ø¹Ø§Ù„Ø¨ØªØ±Ø¬ÙƒÙ† Ù…ØªØ±ÙˆØ³Ø³Ø³ Ù‡ÙŠÙ„ Ø­Ø±ÙÙŠÙ‹Ø§ Ø§Ø­Ø³ Ø§Ù†ÙŠ Ù‚Ø§Ø¹Ø¯Ù‡ Ø§ÙƒÙ„ Ù‡ÙŠÙ„ Ø¨Ø§Ù„Ø¨ØªØ±Ø¬ÙƒÙ† (05 August 2024); Saloni C***: amazing (03 August 2024); Ù… Ø§***: Ø§Ù„Ù„Ø¨Ù† Ø·Ù„Ø¨Øª Ø§Ù„Ø¹Ø§Ø¯ÙŠ ÙˆØ¬Ø§Ø¨Ùˆ Ù„ÙŠ Ø§Ù„Ù…Ø§Ù„Ø­ (02 August 2024); Eman A***: Ù¡Ù /Ù¡Ù  (02 August 2024); Ø¹Ø¨Ø¯Ø§Ù„Ø¹Ø²ÙŠØ² Ø¨***: Ø§Ù‚Ù„ Ù…Ù† Ø¹Ø§Ø¯ÙŠ ÙŠØ¹Ù†ÙŠ Ù…Ø³ØªØ­ÙŠÙ„ Ø§Ø·Ù„Ø¨Ù‡ Ù…Ù†Ù‡ Ù…Ø±Ù‡ Ø«Ø§Ù†ÙŠÙ‡ (23 July 2024); Rawabi A***: Ù„Ø°ÙŠØ° Ø¬Ø¯Ù‹Ø§ Ø£Ù†ØµØ­ Ø¨Ù‡ (22 July 2024); Celso S***: I ordered chicken biryani and butter chicken the food was nicely packed and it so so hot, I love itğŸ‘ The food was delivered on time as promised (19 July 2024); ÙŠÙˆØ³Ù Ø§***: Ø¬Ø¨Ø§Ø± (13 July 2024); Ø®Ù„ÙˆØ¯ Ù***: Ø§Ù„Ø¯Ø¬Ø§Ø¬ Ù†Ø§Ø´Ù Ù…ÙˆÙ‚Ø§Ø¯Ø±Ù‡ Ø§ÙƒÙ„Ù‡ ÙƒÙ„ Ù…Ø±Ù‡ ØªØ±Ù (13 July 2024); 17 _***: Ù…Ø§ÙÙŠ Ø·Ø¹Ù… Ù…Ø§Ø­Ø³ÙŠØª Ø¨Ù…ØªØ¹Ù‡ Ø§Ù„Ø§ÙƒÙ„ Ø§Ù„ØµØ±Ø§Ø­Ù‡ ÙŠØ§Ù„ÙŠØª ÙŠØ¶ÙŠÙÙˆÙ† Ù†ÙƒÙ‡Ù‡ (02 July 2024); Marwah A***: Ø§Ù„Ø¹ÙŠØ´ ÙÙŠÙ‡ Ø·Ø¹Ù… Ø§Ù„Ø®ÙŠØ´Ù‡ Ù…Ø§Ù‚Ø¯Ø±Øª Ø§ÙƒÙ„Ù‡ ÙƒÙ„Ø´ ÙˆØ§Ù„Ù†Ø§Ù† Ø³ÙŠØ¡ (19 June 2024); R A***: packaging and heat were great, but the taste of the food wasnâ€™t great for how expensive the food is. Respectful and reached before the expected time. (17 June 2024); sana a***: Ø§Ù„Ø±Ø² Ù„Ù… ÙŠÙƒÙˆÙ† Ø·Ø§Ø²Ø¬ ÙˆØ§Ù„Ø®Ø¨Ø². Ù†Ø§Ø´Ù Ø¬Ø¯Ø§ (11 June 2024); Rabaah A***: ÙŠÙ‡Ø¨Ù„ Ø§Ù„Ø¨Ø±ÙŠØ§Ù†ÙŠ Ø¯Ø¬Ø§Ø¬ Ø¨Ø±ÙŠØ§Ù†ÙŠ Ø±Ø¨ÙŠØ§Ù† Ù„Ø°ÙŠØ° (07 June 2024); Mohamed a***: Ù„Ø§ÙŠÙˆØ¬Ø¯ ÙÙ„ÙÙ„ ÙˆØ¨Ù‡Ø§Ø±Ø§Øª Ù‚Ù„ÙŠÙ„Ù‡ Ø¬Ø¯Ø§ ÙˆÙ„Ø§ÙŠÙˆØ¬Ø¯ Ø³ÙŠØ±ÙØ³ Ø³Ø¨Ø§ÙŠØ³ÙŠ (01 June 2024); kuw q***: Ù…Ù…ØªØ§Ø² ÙˆØ§Ù„Ù…Ø°Ø§Ù‚ Ø¬Ø¯Ø§ Ù„Ø°ÙŠØ° ÙˆØ§Ù„ÙƒÙ…ÙŠÙ‡ Ù…Ù…ØªØ§Ø²Ù‡ ÙˆØ­Ø±Ø§Ø±Ù‡ Ø§Ù„Ø·Ø¹Ø§Ù… Ø¬ÙŠØ¯Ù‡ (31 May 2024); Obeid A***: Ù‚Ø§Ø¹Ø¯ Ø§Ø´Ø±Ø¨ ÙƒØ±ÙŠÙ…Ø© Ù…Ùˆ Ø´ÙˆØ±Ø¨Ø© ğŸ’” (28 May 2024); Ù…Ù†Ù‰ Ø§***: Ø¨Ø±ÙŠØ§Ù†ÙŠ Ø±Ø¨ÙŠØ§Ù† Ø§Ù„Ø±Ø¨ÙŠØ§Ù† Ù…Ø­Ø±ÙˆÙ‚ (25 May 2024); Ù…Ø´Ø§Ø±ÙŠ Ø§***: Ù…Ù…ØªØ§Ø² Ø¬Ø¯Ø¢ Ø¬Ø¯Ø¢ Ø¬Ø¯Ø¢ Ø¬Ø¯Ø¢ Ùˆ Ù…Ø­ØªØ±Ù… Ùˆ Ø§Ø®Ù„Ø§Ù‚Ù‡ Ø¹Ø§Ù„ÙŠØ© (18 May 2024); Mohammad Zunair M***: the food was delicious (13 May 2024); Mariam Q***: Ø§Ù„Ø¹ÙŠØ´ Ù…ÙˆÙ…ØºØ³ÙˆÙ„ Ø¹Ø¯Ù„ Ùˆ Ù…ÙˆÙ…ÙˆØ·Ø¨ÙˆØ® Ø¹Ø¯Ù„ Ø¨Ø¹Ø¯Ù‡ Ø­Ø¨ (06 May 2024); Mohammad Zunair M***: The food was delicious (27 April 2024)"
Koshari Boutique,"Kuwaiti, Koshary, Egyptian, Arabic",https://www.talabat.com/kuwait/restaurant/694244/koshari-boutique-tmp-aswaq-al-qreenwest-abu-fetera-small-indust?aid=32,Amazing,95,Within 50 mins,0.500,0.000,,,koshari: 2.000; Spicy Koshari: 2.250; Small Onions: 0.450; small spicy  sauce: 0.450; beef bashamel pasta: 2.750; waraq anab: 2.450; koshari: 2.000; Spicy Koshari: 2.250; Medium Gedr Koshari: 7.000; Big Gedr Koshari: 10.000; Mix box Koshari: 12.000; Box koshari: 7.000; Cheken Carry: 2.750; cheken bashamel pasta: 2.600; beef bashamel pasta: 2.750; Mulokhia: 2.500; box waraq anab: 14.000; Box Spring Roll Crispy: 13.000; box moskhan: 14.000; waraq anab: 2.450; mini moskhan: 2.750; Spring Roll: 2.500; crispy chicken musakhan: 2.500; lentil soup: 1.750; mushroom soup: 2.450; caesar salad: 2.450; roca salad: 2.250; Fatosh Salad: 2.450; baqlava: 1.950; pistachio pudding: 1.500; large tomato sauce: 0.850; small tomato sauce: 0.400; small spicy  sauce: 0.450; large lemon sauce: 0.850; small lemon sauce: 0.450; Small Onions: 0.450; Large Onions: 0.950; Large Spicy Sauce: 0.950; laban: 1.250; orange juice: 1.750; Vimto: 1.000; lemon mint juice: 1.750; Coca-Cola: 0.450; Coca-Cola Lite: 0.450; Sprite: 0.450; Sprite Lite: 0.450; water: 0.300,"in West Abu Fetera Small Indust, Kuwait",https://www.talabat.com/kuwait/koshari-boutique,No,"Visa payment available, Mastercard payment available, KNET payment available, Cash payment available",4.5,1051,681,"Koshari Boutique is a restaurant located in Kuwait, serving a selection of Kuwaiti, Koshary, Egyptian that delivers across Abdullah Al-Mubarak - West Jeleeb, Abdullah Al-Salem, Abu Ftaira, Abu Halifa and Abu Hasaniya.; Their best selling dishes are beef bashamel pasta, waraq anab, lentil soup and Cheken Carry, although they have a variety of dishes and meals to choose from like Kuwaiti, Koshary, Egyptian.; They have been reviewed 1051 times by talabat users, with a rating of 4.5.",,,,,"Hech V***: Ù…Ùˆ Ø­Ø§Ù…Ø¶ Ù‡Ø°Ø§ Ø·Ø¹Ù…Ù‡ Ø¯Ø¨Ø³ Ø±Ù…Ø§Ù† Ùˆ Ø§Ù†ØªÙˆ ÙƒØ§ØªØ¨ÙŠÙ† Ø­Ø§Ù…Ø¶ (29 March 2025); Nasima A***: all the sauce containers were not closed properly (29 March 2025); Abderahman Kordy ***: price nice (23 March 2025); Bassam J***: ØªÙ…Ø§Ù… (22 March 2025); Ø±ØªØ§Ø¬ Ø¹***: Ù…Ø§Ù„Ø­ (19 March 2025); Bassam J***: Ù…Ù…ØªØ§Ø² Ø¬Ø¯Ù„ (13 March 2025); awatif a***: Ø§Ù„Ù…Ù„ÙˆØ®ÙŠÙ‡ Ù…Ø§ Ø´Ø±Ø¨ØªÙ‡Ø§ ÙƒØ§Ù†Øª Ø¬Ø¯Ø§ Ø¬Ø¯Ø§ Ù…Ø§Ù„Ø­Ù‡ (10 March 2025); Saeed Kamal ***: Ø§Ù„ÙƒØ¨Ø±Ù‰ Ø¨Ø¯ÙˆÙ† Ø¹Ø¯Ø³ ...Ø³Ø¦ Ù„Ù„ØºØ§ÙŠØ© Ø§Ù„ØªÙˆØµÙŠÙ„ Ù…Ù…ØªØ§Ø² (08 March 2025); Ø·Ù„Ø§Ù„ Ø§***: ÙˆØµÙ„Ù†Ø§ Ø§Ù„Ø·Ù„Ø¨ Ø§Ù„Ø¯Ù‚ÙˆØ³ Ù…Ù†ØµØ¨ Ø¨Ø§Ù„Ø¬ÙŠØ³ ÙƒØ§Ù…Ù„ (01 March 2025); Blessy S***: Hot sauce was not spicy at all â€¦. need to be more spicy . (28 February 2025); Ø¹Ø¨Ø¯Ø§Ù„Ø±Ø­Ù…Ù† Ø­***: Ø§Ù„Ø¨Ø§Ø´Ù…ÙŠÙ„ Ø¯Ø¬Ø§Ø¬ Ø³ÙŠÙ‰ Ø·Ø¹Ù… Ø§Ù„Ø¯Ø¬Ø§Ø¬ Ù…Ø®Ù…Ø¬ Ø¬ÙŠØ¯ (27 February 2025); Thaimafia73 ***: Ø§Ù„Ø¹Ø¯Ø³ ØºÙŠØ± Ù…Ø·Ø¨ÙˆØ® Ø¬ÙŠØ¯Ø§Ù‹ ØŸ ÙˆÙ‡Ù†Ø§Ùƒ Ø§Ù„Ù…Ø«ÙŠØ± Ù…Ù† Ø§Ù„Ø­Ù…Øµ ÙˆÙ‡Ø°Ø§ Ø³Ø¦ ØŸ Ù„Ø§ Ø¨Ø£Ø³ Ø¨Ù‡ . Ø§Ù„Ø³Ø§Ø¦Ù‚ Ø¬ÙŠØ¯ (23 February 2025); Huda H***: work on the tomato sauce and the vinegar was bad (18 February 2025); H Lgrun ***: Ù„Ù„Ø£Ø³Ù Ù„Ù… Ø§Ø³ØªÙ…ØªØ¹ Ø¨Ø§Ù„Ø·Ø¹Ø§Ù… Ù„Ø£Ù†Ù‡ ØµØ§Ø± Ø¹Ù†Ø¯ÙŠ Ø­Ø§Ù„Ø© ÙˆÙØ§Ø© Ø£Ù…ÙŠ Ø±ØºÙ… Ø§Ù†Ù‡ Ø§Ù„Ù…Ø·Ø¹Ù… Ù…Ù…ØªØ§Ø² Ù„ÙƒÙ† Ù„Ù„Ø£Ø³Ù Ù…Ø§ÙƒÙ„ÙŠØªÙ‡ (13 February 2025); Ghadah D***: Good (12 February 2025); Jori A***: Ø§Ù„ÙƒØ´Ø±Ù‰ Ø±ÙˆØ¹Ù‡ ÙˆÙ„Ø°ÙŠØ° Ø§ÙˆÙ„ Ù…Ø±Ø© Ø§Ø·Ù„Ø¨ Ù…Ù†Ù‡Ù… Ø¨Ø³ Ø§Ù„Ù…Ø¹ÙƒØ±ÙˆÙ†ÙŠÙ‡ Ø¨Ø§Ù„Ø¯ÙŠØ§ÙŠ Ø·Ø¹Ù…Ù‡ Ù…Ø± Ù„Ù„Ø§Ø³Ù (09 February 2025); Nouf A***: Ø§Ù„ÙƒØ´Ø±ÙŠ ÙˆØµÙ„Ù†ÙŠ Ø­Ø§Ø± ÙˆÙƒÙ…ÙŠØªÙ‡ Ø±Ø§Ù‡ÙŠÙ‡ ÙˆÙ„Ø°ÙŠÙŠÙŠÙŠÙŠÙŠØ° ØµØ±Ø§Ø­Ù‡ ÙŠØ³ØªØ­Ù‚ Ø§Ù„ØªØ¬Ø±Ø¨Ù‡ Ø§Ù„ØªÙˆØµÙŠÙ„ Ø³Ø±ÙŠØ¹ ÙˆØªØ¹Ø§Ù…Ù„ Ø§Ù„Ù…ÙˆØ¸Ù Ù…Ù…ØªØ§Ø² (31 January 2025); Fahad M***: ØªØ±Ø§ Ø§Ù„Ø´ÙƒØ±ÙŠ Ù…Ø§Ù„Ù‡Ù… Ø¬Ø¯Ø§Ù‹ Ù…Ù…ØªØ§Ø² (18 January 2025); Ø§Ø±ÙŠØ§Ù… Ø§***: Ø¬Ù…ÙŠÙ„ Ø¬Ø¯Ø§ Ø¬Ø¯Ø§ â¤ï¸â¤ï¸â¤ï¸â¤ï¸â¤ï¸â¤ï¸â¤ï¸â¤ï¸â¤ï¸â¤ï¸â¤ï¸â¤ï¸â¤ï¸â¤ï¸â¤ï¸â¤ï¸â¤ï¸â¤ï¸â¤ï¸â¤ï¸â¤ï¸â¤ï¸â¤ï¸â¤ï¸â¤ï¸â¤ï¸â¤ï¸â¤ï¸â¤ï¸â¤ï¸â¤ï¸â¤ï¸â¤ï¸â¤ï¸â¤ï¸â¤ï¸â¤ï¸â¤ï¸â¤ï¸â¤ï¸â¤ï¸â¤ï¸â¤ï¸ (03 January 2025); Abdullah ***: Ø¨Ø±Ù†Ø§Ù…Ø¬ Ù…Ù…ØªØ§Ø² (01 January 2025); Anwar A***: Ù„Ù… ÙŠÙƒÙ† Ø§Ù„Ù…Ø°Ø§Ù‚ Ù‡Ø°Ù‡ Ø§Ù„Ù…Ø±Ù‡ Ø¬ÙŠØ¯Ø§ (30 December 2024); Tariq S***: Ø§Ù„Ù…ÙˆÙ„ÙˆØ®ÙŠÙ‡ Ø¹Ø¨Ø§Ø±Ù‡ Ø¹Ù† Ù…Ø§ÙŠ Ù„ÙˆÙ†Ù‡ Ø§Ø®Ø¶Ø± Ù„Ø§Ù†ÙƒÙ‡Ù‡ ÙˆÙ„Ø§ Ø·Ø¹Ù… Ù†Ù‡Ø§Ø¦ÙŠØ§ (25 December 2024); Zahraa A***: Ù…Ùˆ Ø­Ù„Ùˆ Ø§Ù„ÙƒØ´Ø±ÙŠ Ù…Ø§ÙÙŠÙ‡ Ù†ÙƒÙ‡Ù‡ ÙˆÙ„Ø§ Ø·Ø¹Ù… .. ÙˆÙ„Ø§ Ø§Ù„Ù…Ù„ÙˆØ®ÙŠÙ‡ ÙˆÙ„Ø§ Ø§Ù„ÙØªÙˆØ´ .. Ø¨Ø³ Ù„Ù„Ø§Ù…Ø§Ù†Ù‡ Ø§Ù„Ø§ÙƒÙ„ Ù†Ø¸ÙŠÙ Ùˆ ÙØ±Ø´ (18 December 2024); nouf a***: ÙŠÙØ´Ù„ ÙˆØ±ÙŠØ­Ù‡ Ø§Ù„Ø¨ØµÙ„ Ø·Ø§Ø§Ø§Ø§Ø§ØºÙŠÙ‡ Ø³ÙˆØ±ÙŠ Ù…Ø§Ø¹Ø¬Ø¨Ù†ÙŠ ÙƒÙ„Ø´ (08 December 2024); Omsaad O***: Ù„Ø°ÙŠØ° Ø§Ù„ÙƒÙˆØ´Ø±ÙŠ (04 December 2024); 7mad l***: Ø±Ø§Ø¦Ø¹ Ø¬ÙŠØ¯ (30 November 2024); grgr Y***: Ø³ÙŠØ¦ Ø¬Ø¯Ø§ Ø¬Ø¯Ø§ Ù…Ø§ÙƒÙˆÙˆÙˆ Ø·Ø¹Ù… Ø¨Ø§Ù„Ø§ÙƒÙ„ (20 November 2024); Frank Hitler ***: Ø¬Ù…Ø§Ù„ (12 November 2024); Fahad M***: Ù‚ÙˆÙŠ Ø§Ù„ÙƒØ´Ø±ÙŠ ÙˆÙØ±Ø´ Ø§Ù„Ù„Ù‡ ÙŠØ¨Ø§Ø±Ùƒ Ù„Ù‡Ù… (27 October 2024); Hajeej A***: Good food, not bad, but lacking a little lentils, a little chickpeas, and a little onion (26 October 2024); First Name L***: extremely late, and with unacceptable time frame (30 September 2024); Dalal O***: ÙŠÙ„ÙˆÙˆÙˆÙˆÙˆØ¹ Ø§Ù„Ø¬Ø¨Ø¯ ÙØ§Ø§Ø§Ø§Ø´Ù„ (19 September 2024); Ù…Ø·Ù„Ù‚ Ø§***: Ù„Ø°ÙŠØ° Ø´ÙƒØ±Ø§ (11 September 2024); Ali A***: Ù…Ù…ØªØ§Ø² (18 August 2024); FatÄ±ma A***: ğŸ¤—ğŸ¥°Ø§Ø­Ù„Ø§ ÙƒØ´Ø±ÙŠ (05 August 2024); Ø¨Ø¯Ø§Ø±Ø§ Ø§***: Ù…Ø¹ Ø§Ù„Ø§Ø³Ù Ø§ÙˆÙ„ ÙƒØ§Ù†Ùˆ ÙŠØ³ÙˆÙˆÙ† Ø§Ù„ÙƒØ´Ø±ÙŠ Ø±ÙˆØ¹Ù‡ Ù„ÙƒÙ† Ø§Ø®Ø± Ù…Ø±Ù‡ Ø§Ø¨Ø¯ Ù…Ùˆ Ø­Ù„Ùˆ ÙƒØ§Ù† Ø§Ù„Ø±Ø² Ù…Ø¹Ø¬Ù† ÙˆØ§Ù„Ø§ÙƒÙ„ ÙƒÙ„Ù‡ Ù…Ø¹Ø¬Ù† (29 July 2024); Ahmed O***: Ø®ÙŠØ§Ù„ â¤ï¸ (28 July 2024); Fouz M***: Ø§Ù„ÙƒØ´Ø±ÙŠ ÙˆÙ„Ø§ ØºÙ„Ø·Ø© ÙˆØ¬Ø§Ù†ÙŠ Ø§Ù„Ø§ÙƒÙ„ Ø­Ø§Ø§Ø± ÙˆØ§Ù„Ù…Ø³Ø®Ù† Ø¯Ø¬Ø§Ø¬ ÙŠØ¬Ù†Ù† ÙŠØ¬Ù†Ù† ÙŠØ¬Ù†Ù† Ø§ÙˆÙ„ ØªØ¬Ø±Ø¨Ø© Ù„ÙŠ Ø§Ø®ØªÙŠØ§Ø± Ù…ÙˆÙÙ‚ğŸ˜‚ğŸ‘ğŸ¾âœ¨ (21 July 2024); Bailey A***: amazing (14 July 2024); Ø´Ø¹Ø§Ø¹ Ø§***: Ù„Ù… ÙŠØ¹Ø¬Ø¨Ù†ÙŠ (27 June 2024); ÙˆÙØ§Ø¡ Ø¯***: Ø§Ø±Ø¬Ùˆ Ø§Ù„Ù…Ø­Ø§ÙØ¸Ø© Ø¹Ù„Ù‰ Ø·Ø¹Ù… ÙˆÙ†ÙƒÙ‡Ø© Ø§Ù„Ù…Ø¹ÙƒØ±ÙˆÙ†ÙŠØ§ Ø¨Ø§Ù„Ø¨Ø§Ø´Ù…ÙŠÙ„ (11 June 2024); Oosh A***: Ù„Ø°Ø°ÙŠØ° ÙˆÙŠØ¬Ù†Ù† (31 May 2024); Ø§Ù‚Ø¨Ø§Ù„ Ø§***: ÙˆÙ‚Øª Ø§Ù„ØªÙˆØµÙŠÙ„ ÙŠÙƒÙˆÙ† ÙÙŠ ØªØ£Ø®ÙŠØ± (28 May 2024); Mohammad B***: Ø§Ù„Ù„ÙŠÙ…ÙˆÙ† ÙˆØµÙ„Ù†ÙŠ Ù…Ù†ÙƒØª ÙˆÙ…Ø¯Ù…Ø± ÙƒÙ„ Ø´ÙŠ ÙŠØ¹Ù†ÙŠ Ø¨ÙÙ‡Ù… Ù…ÙˆØµÙ„ÙŠÙ† Ø§Ù„Ø·Ù„Ø¨ Ø¨Ø¬Ù…Ù„ (09 May 2024); Nawaf A***: Ø¨Ø§Ø§Ø±Ø¯ Ø§Ù„Ø§ÙƒÙ„ ÙˆÙƒÙ…ÙŠØ© Ø§Ù„Ø¨ØµÙ„ Ø§Ù„Ù…ÙƒØ±Ù…Ù„ Ù‚Ù„ÙŠÙ„Ù‡ (02 May 2024); Ø³Ù‡Ø§Ø¯ Ø§***: Ù„Ø°ÙŠØ° Ø¬Ø¯Ø§Ù‹ ÙƒÙ„ Ø´ÙŠ Ø¬Ù…ÙŠÙ„ ÙŠØ¹Ø·ÙŠÙƒÙ… Ø§Ù„Ø¹Ø§ÙÙŠÙ‡ (01 May 2024); noura n***: Ø§Ù„Ø³Ø§ÙŠÙ‚ Ù‚Ø§Ù„ Ù…Ø§ Ø¹Ù†Ø¯ÙŠ Ø®Ø±Ø¯Ù‡ ÙˆØ±Ø§Ø­ ÙŠØ®Ø±Ø¯ Ø§Ù„ÙÙ„ÙˆØ³ Ø§Ù„Ù„ÙŠ Ø¹Ø·ÙŠØªÙ‡ Ø§ÙŠØ§Ù‡Ø§ Ø±Ø¬Ø¹ Ø¹Ø·Ø§Ù†ÙŠ Ø§Ù„Ø¨Ø§Ù‚ÙŠ Ù†Ø§Ù‚Øµ Ù‚Ø§Ù„ Ù…Ø§ Ø¹Ù†Ø¯ÙŠ ÙØ¹ÙŠØ¨ (01 May 2024); Amro S***: All are perfect except the sauces should be more (25 April 2024); Salwa F***: ÙˆÙ„Ø§ ÙƒØ£Ù†Ù‡ Ù…Ø·Ø¹Ù… Ù…ØªØ®ØµØµ Ø¨Ø§Ù„ÙƒØ´Ø±ÙŠ ØŒ Ø§Ù„Ø·Ø¨Ù‚ Ø¹Ø¨Ø§Ø±Ø© Ø¹Ù† Ø¹ÙŠØ´ ÙÙ‚Ø· ÙˆØ´ÙˆÙŠÙ‡ Ù…Ø¹ÙƒØ±ÙˆÙ†ÙŠØ© ÙˆØ¹Ø´Ø± Ø­Ø¨Ø§Øª Ø¹Ø¯Ø³ ØŒ ÙˆØ§Ù„Ø¯Ù‚Ù‡ Ù…Ø§Ù„Ù‡Ø§ Ø·Ø¹Ù… (25 April 2024); Sherif E***: Ø§Ù„ÙƒØ´Ø±ÙŠ Ø³Ø¦ Ø¬Ø¯Ø§ Ø¬Ø¯Ø§ (13 April 2024); Ahmed O***: Ù‚ÙˆÙŠ (29 March 2024)"
Petzone,Pet Shop,https://www.talabat.com/kuwait/restaurant/743233/pet-zone-mahaboula-seaside?aid=32,Amazing,95,Within 23 mins,Free,0.000,Live Tracking,Contactless drop-off,,,,,,,,,,,,,,
Doctor Kazo Roastery,"Specialty Store, Nuts & Dried Fruit",https://www.talabat.com/kuwait/restaurant/708172/doctor-kazo-roastery-al-ahmadi?aid=32,Very good,95,Within 30 mins,Free,1.000,Live Tracking,Contactless drop-off,,"in Al-Ahmadi, Kuwait",https://www.talabat.com/kuwait/doctor-kazo-roastery,No,"Visa payment available, Mastercard payment available, KNET payment available, Cash payment available",4.5,598,266,"Doctor Kazo Roastery is a store near you, located in Kuwait, serving a selection of items that delivers across Abdullah Al-Mubarak - West Jeleeb, Abu Ftaira, Abu Halifa, Abu Hasaniya and Adan.; This store has been reviewed 598 times by your fellow talabat users.; Doctor Kazo Roastery is rated 4.5.",,,,,Heba G***: Ø§Ù„Ø­Ø¨ Ù‚Ø¯ÙŠÙ… ÙˆØ·Ø¹Ù…Ù‡ Ø³ÙŠØ¡ .Ø§Ù†Ø§ Ø¨Ø·Ù„Ø¨ ÙƒØªÙŠØ± Ø¬Ø¯Ø§. .Ø§Ù„Ù…Ø±Ø© Ø¯ÙŠ Ø³ÙŠØ¡ ÙˆÙ„ÙŠØ³ Ø¬Ø¯ÙŠØ¯ (09 March 2025); sanaa A***: ok (24 January 2025); ibtisam a***: Ø·Ø§Ù„Ø¨Ù‡ Ø¹Ù„Ø¨Ø© Ø§Ù„ÙƒØ´ØªÙ‡ Ù…ÙƒØ§Ø¯Ù…ÙŠØ§ Ù‚ÙŠÙ…ØªÙ‡Ø§ Ø¹Ø´Ø± Ø¯Ù†Ø§Ù†ÙŠØ± ÙˆØ§Ù„Ø·Ù„Ø¨ ÙˆØµÙ„ÙŠ Ø§Ù„Ø­Ø¬Ù… Ø§Ù„ØµØºÙŠØ± Ù‚ÙŠÙ…Ø© Ø§Ù„ÙØ§ØªÙˆØ±Ù‡ Ù¢Ù¤ Ø¯ÙŠÙ†Ø§Ø± (10 January 2025); Shaima`a M***: the price is different than the order (30 December 2024); Ø£Ù†ÙˆØ§Ø± Ø§***: Ø³Ø¹Ø± Ø§Ù„ØªÙˆØµÙŠÙ„ Ù…Ø¨Ø§Ù„Øº ÙÙŠÙ‡ Ùˆ Ù…Ø§ ÙÙŠ Ø£ÙŠ Ø¹Ø±ÙˆØ¶ Ø£Ùˆ Ø®ØµÙˆÙ…Ø§Øª (14 December 2024); First Name L***: Ù„Ø§ Ø§Ù†ØµØ­ (09 December 2024); Hisham N***: Ø±Ø§Ø¦Ø¹ ØµØ±Ø§Ø­Ø© Ù…Ù…ÙŠØ² Ø¨ÙƒÙ„ Ø§Ù„ØªÙØ§ØµÙŠÙ„ Ù…Ø­ØªØ±Ù… ÙˆÙ„Ø¨Ù‚ (04 December 2024); may j***: Ø§Ù„ØªØºÙ„ÙŠÙ Ø¬Ø¯Ø§ Ø¬Ù…ÙŠÙ„ ÙˆÙ…Ø±ØªØ¨ Ø¨Ø³ Ø¨Ø³ÙƒÙˆÙŠØª Ø§Ù„Ø±Ù‡Ø´ ÙŠØ§Ø¨Ø³ Ù…Ø­ØªØ§Ø¬ ÙŠÙƒÙˆÙ† Ø·Ø±ÙŠ Ø§ÙƒØ«Ø± (04 December 2024); Reem .***: Ù„ (30 November 2024); Jassim Q***: ØªØ§Ø®ÙŠØ± Ø§ÙƒØ«Ø± Ù…Ù† Ø³Ø§Ø¹Ù‡ Ø¨Ø§Ù„Ø·Ù„Ø¨ (27 November 2024); Safaa A***: the flavor is awful (07 November 2024); Reem M***: Ø·Ù„Ø¨Øª Ø§Ù„Ø¨Ø³ÙƒÙˆØª Ø§Ù„Ø§Ø¨ÙŠØ¶ ÙˆØµÙ„Ù†ÙŠ Ø§Ù„Ø¨Ù†ÙŠ ÙˆØ§Ù„Ø­Ø¨ ÙˆØ§Ù„Ø³Ø¨Ø§Ù„ Ø·Ø¹Ù…Ù‡Ù… Ø§Ù‚Ù„ Ù…Ù† Ø¹Ø§Ø¯ÙŠ (02 October 2024); Ahmed A***: v nice v nice (29 August 2024); Mai A***: Ø³ÙŠØ¡ Ø¬Ø¯Ø§Ù‹Ù‹Ù‹Ù‹ (23 August 2024); sundus h***: Ø§Ù„Ø­Ø¨ ØªØ§Ù„Ù ØºÙŠØ± ØµØ§Ù„Ø­ Ù„Ù„Ø§ÙƒÙ„ Ù…Ù†ØªÙ‡ÙŠ (21 August 2024); Jory S***: ÙˆÙ„Ø§ Ø´ÙŠ Ø­Ù„Ùˆ (07 August 2024); ÙØ§Ø·Ù…Ø© ÙŠ***: ØªÙˆØµÙ„ Ø¨Ø·ÙŠØ¦ Ù„Ùˆ Ø§Ø³Ø±Ø¹ ØªÙˆØµÙŠÙ„ Ø¨Ø·ÙŠØ¡ Ù„Ùˆ Ø§Ø³Ø±Ø¹ (02 August 2024); Ø£Ù†ÙˆØ§Ø± Ø§***: Ø±Ø³ÙˆÙ… Ø§Ù„ØªÙˆØµÙŠÙ„ Ù…Ø±ØªÙØ¹Ø© (27 July 2024); Shaikha A***: taste (07 June 2024); alsaid b***: ØªØ£Ø®Ø± Ø§Ù„Ø·Ù„Ø¨ Ø³Ø§Ø¹ØªÙŠÙ† ÙˆÙ†ØµÙ (03 June 2024); Fatma A***: Ø§Ù„Ø·Ù„Ø¨ Ù„Ù… ÙŠØµÙ„ Ù…Ø¹ Ø§Ù„Ø¹Ù„Ù… Ø§Ù†Ù‡ ØªÙ… Ø§Ù„Ø¯ÙØ¹ Ù…Ø§ÙˆØµÙ„ Ø§Ù„Ø·Ù„Ø¨ (20 May 2024); Shahada Ahmad ***: Ø·Ù„Ø¨ ÙˆØµÙ„ Ø¨Ø¹Ø¯ Ø³Ø§Ø¹Ø© ÙˆØ±Ø¨Ø¹ (29 December 2023); ahmed a***: Ø§Ù†Ø§ Ø·Ù„Ø¨Øª Ù‚Ù„Ø§Øµ Ù„Ù„Ù…ØªÙ‡ Ù…ÙƒØªÙˆØ¨ Ø¬Ù„Ø¯ ÙˆÙ‚ÙŠÙ…ØªÙ‡ Ø¨Ø«Ù„Ø§Ø« Ø¯Ù†Ø§Ù†ÙŠØ± ÙˆÙ†Øµ Ù„ÙƒÙ† Ø§Ù‚Ø³Ù… Ø¨Ø§Ù„Ù„Ù‡ Ø§Ù„Ù‚Ù„Ø§Øµ Ù…Ø§ ÙŠØ³ÙˆÙ‰ Ù¡Ù Ù  ÙÙ„Ø³ (06 December 2023); Jafar J***: Ù…Ø§ Ø¬Ø§Ø¡ Ø§Ù„Ø·Ù„Ø¨ Ø¨Ø¹Ø¯ Ø§Ù„Ø¯ÙØ¹ Ø¨Ø§Ù„ÙÙŠØ²Ø§ (21 October 2023)
Sahan Koshari,Egyptian,https://www.talabat.com/kuwait/restaurant/723624/sahan-koshari-fahaheel?aid=32,Very good,95,Within 30 mins,Free,0.000,Live Tracking,Contactless drop-off,,"in Fahaheel, Kuwait",https://www.talabat.com/kuwait/sahan-koshari,No,"Visa payment available, Mastercard payment available, KNET payment available, Cash payment available",4.0,45,26,"Sahan Koshari is a restaurant located in Kuwait, serving a selection of Egyptian that delivers across Fahaheel and Salmiya.; They have been reviewed 45 times by talabat users, with a rating of 4.",,,,,Ù…Ø­Ù…Ø¯ Ø±***: Ø¹Ø§Ø¯ÙŠ Ø§Ø®Ø° Ø§Ù„Ø¨Ø§Ù‚ÙŠ (28 April 2024); Dima M***: Ù„Ùˆ ÙŠØ¹Ø¯Ù„ÙˆÙ† Ø§Ù„Ø¯Ù‚ÙˆØ³ ÙˆÙŠØ®Ù„ÙˆÙ† Ù‚ÙˆØ§Ù…Ù‡ Ø§Ø«Ù‚Ù„ ÙŠÙƒÙˆÙ† Ø§ÙØ¶Ù„ (18 March 2024)
enough,"Chocolate , Desserts",https://www.talabat.com/kuwait/restaurant/740326/enough-abu-halifa?aid=32,Very good,95,Within 30 mins,Free,0.000,Live Tracking,Contactless drop-off,Nut Enough Bites 30 PCS: 10.000; Kinda And Nut Enough Bites 15 Pcs Each Flavor: 11.000; Kinda Enough Bites 30 PCS: 11.000; Kinda Enough Bites 30 PCS: 11.000; Nut Enough Bites 30 PCS: 10.000; Kinda And Nut Enough Bites 15 Pcs Each Flavor: 11.000,"in Abu Halifa, Kuwait",https://www.talabat.com/kuwait/enough-hawally,No,"Visa payment available, Mastercard payment available, KNET payment available, Cash payment available",4.0,17,2,"enough is a restaurant located in Kuwait, serving a selection of Chocolate , Desserts that delivers across Abu Halifa, Ardhiya and Hawally.; Their best selling dishes are Enough Toblerone Bites, Kinda Enough Bites 30 PCS, Kinda And Nut Enough Bites 15 Pcs Each Flavor and Nut Enough Bites 30 PCS, although they have a variety of dishes and meals to choose from like Chocolate , Desserts.; They have been reviewed 17 times by talabat users, with a rating of 4.",,,,,Mathilde N***: old packages with stains. looks used (26 March 2025); Ø¯Ø§Ù†Ù‡ Ø§***: Ø­ÙŠÙ„ Ù‚ÙˆÙŠ Ø§Ù†ØµØ­ÙƒÙ… ÙÙŠÙ‡ (20 September 2024)
Kefan Optics,Cosmetics,https://www.talabat.com/kuwait/pharmacy/728133/kefan-optics-egaila?aid=32,Amazing,95,Within 24 mins,Free,1.000,Live Tracking,Contactless drop-off,Dailies Aqua Comfort Plus 30 Lenses: 12.750; Dailies Total One Lens 30 Lenses: 14.625; Precision One 30 Lenses: 11.625; Acuvue Oasys Weekly 6 Pack Lenses: 15.900; Mars Bella Contact Lenses Plano: 7.500; Define Vivid Style: 20.000; Dailies Total One Lens 30 Lenses: 14.625; Dailies Total One 90 lenses: 40.375; Precision One 30 Lenses: 11.625; Precision One 90 Lenses: 34.425; Total 30: 15.750; Soleko Solution: 2.250; Lens Solution Bella: 2.500; Acuvue Moist 1 Day 30 Lenses: 15.300; Acuvue Moist One Day Lenses 90 Lenses: 38.500; Acuvue Oasys 1 Day 30 lenses: 18.500; Acuvue Oasys Max 30 Pack Lenses: 20.900; Acuvue Oasys Weekly 6 Pack Lenses: 15.900; Acuvue Oasys 1-day- 90 Pack Lenses: 46.000; Dailies Aqua Comfort Plus 30 Lenses: 12.750; Dailies Total One Lens 30 Lenses: 14.625; Dailies Total One 90 lenses: 40.375; Precision One 30 Lenses: 11.625; Precision One 90 Lenses: 34.425; Earth Bella Contact Lenses- Plano: 7.500; Mars Bella Contact Lenses Plano: 7.500; Venus Bella Contact Lenses- Plano: 7.500; Moon Bella Contact Lenses Plano: 14.000; Saturn Bella Contact Lenses Plano: 14.000; Bella Sandy Brown Lenses: 13.000; Bella Sandy Gray Lenses: 13.000; Bella Wild Honey Lenses: 13.000; Bella Amber Gray: 13.000; Bella Brown Shadow Lenses: 11.000; Bella Ash Brown Lenses: 7.500; Bella Rose Wood Lenses: 7.500; Bella Almond Brown Lenses: 7.500; Bella Platinum Gray Lenses: 7.500; Bella Star Lenses: 7.500; Bella Garnet Lenses: 7.500; Dye Silver Lace Lenses: 7.000; DYE Stardust Lenses: 7.000; DYE Stormy Lenses: 7.000; DYE Nola lenses: 7.000; DYE Allura Lenses: 7.000; DYE Capri Lenses: 7.000; DYE Lava Lenses: 7.000; DYE Midori Lenses: 7.000; ThinOptics Brooklyn Full Clear Frame: 14.500; ThinOptics Key Chain Black: 9.500; ThinOptics Key Chain Clear: 9.500; ThinOptics Readers Flashcard Black: 10.500; ThinOptics Readers Flashcard Clear: 10.500; Aroma I-MAG EXECUTIVE Black: 8.000; Aroma I-MAG EXECUTIVE Silver: 8.000; Aroma I-MAG EXECUTIVE Gun: 8.000; Aroma I-MAG: 6.000,"in Egaila, Kuwait",https://www.talabat.com/kuwait/kefan-optics,No,"Visa payment available, Mastercard payment available, KNET payment available, Cash payment available",5.0,215,30,"Kuwait is a pharmacy near you, located in Kuwait, offering a selection of {medicines, vitamins and more} delivered across Abdullah Al-Salem, Adailiya, Egaila, Ferdous and Jahra - Jahra Area.; Find your online pharmacy selection of medicines, vitamins and more.; This online pharmacy has been reviewed 215 times by your fellow talabat users. Kuwait is rated 5.",,,,,Eng H***: Ø³Ø±ÙŠØ¹ Ùˆ Ù†Ø¸ÙŠÙ Ø³Ø±ÙŠØ¹ Ø¬Ø¯Ø§ Ùˆ Ù…Ù…ØªØ§Ø² (16 February 2025); Jenan Q***: Ø§Ù„Ø·Ù„Ø¨ Ø®Ø§Ø·Ø¦Ø¡ (06 February 2025); ***: Ø±Ø§Ø¦Ø¹ Ø¬Ø¯Ø§ ğŸ‘ Ù…Ù…ØªØ§Ø² Ø¬Ø¯Ø§Ù‹ ÙˆØ³Ø±ÙŠØ¹ Ø¨Ø§Ù„ØªØ¹Ø§Ù…Ù„ ğŸ‘ (23 January 2025); fatma a***: Ø´ÙƒØ±Ø§ (09 January 2025); Ù‡Ø§Ø¬Ø± 22 ***: Ø¬ÙŠØ¯ (14 December 2024); Anwar A***: thank u thank u (21 September 2024)
FEI,Cosmetics,https://www.talabat.com/kuwait/restaurant/741588/fei-egaila?aid=32,Amazing,95,Within 24 mins,Free,0.000,Live Tracking,Contactless drop-off,,,,,,,,,,,,,,
Al Owaid Honey,"Specialty Store, Honey",https://www.talabat.com/kuwait/restaurant/39863/al-owaid-honey-fahaheel?aid=32,Amazing,95,Within 25 mins,Free,1.000,Live Tracking,Contactless drop-off,,"in Fahaheel, Kuwait",https://www.talabat.com/kuwait/alowaid-honey,No,"Visa payment available, Mastercard payment available, KNET payment available, Cash payment available",4.5,1108,410,"Al Owaid Honey is a store near you, located in Kuwait, serving a selection of items that delivers across Adan, Airport, Al-Julaia'a, Doha and Egaila.; This store has been reviewed 1108 times by your fellow talabat users.; Al Owaid Honey is rated 4.5.",,,,,"Ibrahim H***: Ù…Ù…ØªØ§Ø² Ø¬Ø¯Ø§ (14 March 2025); Mohammed Ahmad a***: Ù…Ù…ØªØ§Ø² Ù„Ø§Ø²Ù… ÙŠØªÙƒØ±Ø± Ø§Ù„Ø¹Ø±Ø¶ (25 February 2025); Ahmed Kw ***: Ø§Ù„ÙÙ‚Ø¹ Ø§Ø³ÙˆØ¯ Ø¬ÙˆØ¯ØªÙ‡ Ø¬Ø¯Ø§ Ø³ÙŠØ¦Ù‡ (21 February 2025); Nawafmmr A***: Ù„Ù… ÙŠØ­Ø¸Ø± Ø§Ù„ÙØ§ØªÙˆØ±Ù‡ Ù…Ø¹ Ø§Ù„Ø·Ù„Ø¨ Ù„Ù… ÙŠØ­Ø¶Ø± Ø§Ù„ÙØ§ØªÙˆØ±Ù‡ Ù…Ø¹ Ø§Ù„Ø·Ù„Ø¨ ÙˆÙ‚Øª Ø§Ù„ØªÙˆØµÙŠÙ„ ÙˆØ§Ù„ØªØºÙ„ÙŠÙ Ù…Ù…ØªØ§Ø² (17 February 2025); Latifah a***: Ø¹Ø¯Ù… ØªØºÙ„ÙŠÙ Ø¹Ù„Ø¨Ù‡ Ø§Ù„Ø¹Ø³Ù„ Ù…Ø§ÙÙŠ Ø§Ù‡ØªÙ…Ø§Ù… Ø¨Ø¬ÙˆØ¯Ù‡ Ø§Ù„Ù…Ù†ØªØ¬ (29 January 2025); Lulu A***: Ø±ÙˆØ¹Ù‡ Ù…Ù…ØªØ§Ø² (28 January 2025); Ù†ÙˆØ± Ø§***: Ø¬ÙŠØ¯ Ø¬Ø¯Ø§ (27 January 2025); sharifa k***: good (25 January 2025); ***: Ù…Ù…ØªØ§Ø² Ù…Ù…ØªØ§Ø§Ø² Ø¬Ø¯Ø§ ÙˆØªÙˆØµÙŠÙ„ Ø³Ø±ÙŠØ¹ (25 January 2025); Ù‡Ø´Ø§Ù… Ø³***: Ø·Ù„Ø¨Øª Ø¹Ø³Ù„ Ø³Ø¯Ø± 3 Ø­Ø¨Ø§Øª ÙˆÙ„Ù… ÙŠØµÙ„ ÙˆØ·Ù„Ø¨Øª Ø´Ø§ÙŠ Ø§Ù„ÙŠØ§Ù†Ø³ÙˆÙ† 4 Ø­Ø¨Ø§Øª ÙˆÙ„Ù… ÙŠØµÙ„ Ø§Ù„Ø§ Ø­Ø¨ØªÙŠÙ† (25 January 2025); Ahed W***: Ù…Ù…ØªØ§Ø² (25 January 2025); V V***: â™¥ï¸ (23 December 2024); Ammar O***: great (29 November 2024); mohamed m***: Ù…Ù…ØªØ§Ø² Ù…Ù…ØªØ§Ø² (16 November 2024); Ø¨Ø¯ Ø¨***: ÙŠØ¹Ø·ÙŠÙƒÙ… Ø§Ù„Ø¹Ø§ÙÙŠØ© ÙˆÙ…Ø§Ù‚ØµØ±ØªÙˆ ÙˆØ§Ù†Ø´Ø§Ù„Ù„Ù‡ Ø¯Ø§ÙŠÙ… Ù†Ù„Ù‚Ù‰ Ù‡Ø§Ù„Ø¹Ø±ÙˆØ¶ Ø§Ù„Ø­Ù„ÙˆÙ‡ â™¥ï¸â™¥ï¸â™¥ï¸â™¥ï¸â™¥ï¸ (14 November 2024); Heba Hanafy ***: ÙˆØ§Ø­Ø¯Ù‡ Ù…Ù† Ø§Ù„Ø£Ø±Ø¨Ø¹ Ø¨Ø±Ø·Ù…Ø§Ù†Ø§Øª Ù…ÙØªÙˆØ­Ø© Ùˆ Ø£ÙƒØªØ± Ù…Ù† Ù†ØµÙ‡ Ù†Ø§Ù‚Øµ (14 November 2024); Ø³Ø¹Ø¯ Ø¹Ø¨Ø¯Ø§Ù„Ù„Ù‡ Ø§***: Ù…Ù…ØªØ§Ø² (25 October 2024); Dhuha S***: Ø§Ø­Ø¨ÙƒÙ… ğŸŒ· (07 October 2024); Ø­Ù†Ø§Ù† Ø¹***: Ù†Ø²Ù„ÙˆØ§ Ø§Ù„Ø¹Ø±Ø¶ Ù…Ø±Ù‡ Ø«Ø§Ù†ÙŠÙ‡ (05 October 2024); ÙØ§Ø·Ù…Ù‡ Ø§***: Ø³Ø±ÙŠØ¹ Ø´ÙƒØ±Ø§ (30 September 2024); Fatimah A***: Unfortunately there was a product missing in the order. But their Honey is great. (29 September 2024); Ø¨Ø¯ Ø¨***: â™¥ï¸â™¥ï¸â™¥ï¸â™¥ï¸â™¥ï¸ â™¥ï¸â™¥ï¸â™¥ï¸â™¥ï¸â™¥ï¸â™¥ï¸ (28 September 2024); Shayma A***: ÙÙŠÙ‡ Ø·Ù„Ø¨ Ù†Ø§Ù‚Øµ ÙƒÙŠÙ ÙŠØªÙ… Ø§Ù„ØªÙˆØ§ØµÙ„ (28 September 2024); Fatma F***: Ù„Ù… ÙŠØ³ØªØ·Ø¹ Ø§Ù„ÙˆØµÙˆÙ„ Ø§Ù„ÙŠ Ø§Ù„Ù…ÙˆÙ‚Ø¹ Ø¨Ø³Ù‡ÙˆÙ„Ù‡ (28 September 2024); Jean P***: Delivered quantity is less in one box, 2 pieces are missing (27 September 2024); khaled m***: Ø§Ù„Ø·Ù„Ø¨ Ù†Ø§Ù‚Øµ (27 September 2024); Sarah Mahmoud Y***: Ø§Ù„Ù…ÙØ±ÙˆØ¶ Ù¢ Ø¹Ù„Ø¨Ø© Ø´Ø§ÙŠ Ù†Ø¹Ù†Ø§Ø¹ ÙˆÙ¢ Ø¹Ù„Ø¨Ø© Ø´Ø§ÙŠ Ø¬Ù†Ø²Ø¨ÙŠÙ„ ÙˆØ§Ù„Ù„ÙŠ Ø¬Ø¹ Ø¹Ù„Ø¨Ø© ÙˆØ§Ø­Ø¯Ø© Ø¨Ø³ (27 September 2024); 0 0***: Ø´Ø§ÙŠ Ø§Ù„Ø²Ù†Ø¬Ø¨ÙŠÙ„ ÙˆØ§Ù„Ù„ÙŠÙ…ÙˆÙ† Ø¨Ø§Ù„Ø¹Ø±Ø¶ 2x Ø­Ø¨ØªÙŠÙ†. Ù„ÙƒÙ† Ù‡Ù… Ø­Ø·ÙˆØ§ Ø¹Ù„Ø¨Ø© ÙˆØ­Ø¯Ø© ÙˆØ§Ù„Ø³Ø¨Ø¨ Ù…Ø¬Ù‡ÙˆÙ„ ÙˆØ¨ØµØ±Ø§Ø­Ø© Ø¢Ø®Ø± Ù…Ø±Ù‡ Ø§Ø·Ù„Ø¨ (27 September 2024); Khaled E***: the order is 2 flower water bottles, 2boxes mint tea, 2 boxes cinnamon ginger tea , 2boxes ginger an bad behaviour (27 September 2024); Mohammad A***: Very good Very good (06 August 2024); manar a***: Ø§Ù„Ø±Ø¬Ø§Ø¡ Ø§Ø¹Ø§Ø¯Ù‡ Ø¹Ø±Ø¶ Ø¨ÙˆØ¯ÙŠÙ†Ø§Ø± (23 July 2024); Syed A***: they are giving 1KD deal I ordered 4Bottels after delivered coupon code not applied like a scam rider never help regarding this issue (19 July 2024); zou z***: Ø§Ù„Ø³Ø¹Ø± Ù…Ø®ÙØ¶ Ùˆ Ù…Ù†Ø§Ø³Ø¨ Ø´ÙƒØ±Ø§Ù‹ Ù„Ø¹Ø³Ù„ Ø§Ù„Ø¹ÙˆÙŠØ¯ğŸ‘ğŸ» (18 July 2024); Ø§Ø¨Ùˆ Ø­Ø³ÙŠÙ† Ø§***: Ø§Ù„Ø·Ù„Ø¨ Ù†Ø§Ù‚Øµ Ù‚Ø·Ø¹ØªÙŠÙ† Ù…Ø§ ÙŠØµÙŠØ± Ù‡Ø§Ù„Ø´ÙŠ ÙˆØ¹Ø¯Ù… Ø§Ù„ØªØ¯Ù‚ÙŠÙ‚ Ù…Ù† Ù‚Ø¨Ù„ Ø§Ù„Ù…Ø­Ù„ ÙˆØ§Ù„Ø³Ø§ÙŠÙ‚ . (18 July 2024); Ø§Ù… Ø³***: Ø¬Ø²Ø§ÙƒÙ… Ø§Ù„Ù„Ù‡ Ø®ÙŠØ± Ø¬Ø¯Ø§Ù‹ Ø¬Ù…ÙŠÙ„ Ù…Ù…ØªØ§Ø² (18 July 2024); Hermie Ann A***: packaging is good on time (18 July 2024); Ù…Ø­Ù…ÙˆØ¯ Ù…***: Ø§Ù„Ø³Ù„Ø§Ù… Ø¹Ù„ÙŠÙƒÙ… ÙˆØ±Ø­Ù…Ø© Ø§Ù„Ù„Ù‡ ÙˆØ¨Ø±ÙƒØ§ØªÙ‡ Ø´ÙƒØ± Ø¬Ø²Ø§Ùƒ Ø§Ù„Ù„Ù‡ Ø³Ø§ÙŠÙ‚ Ø¹Ù„Ù‰ Ø®Ù„Ù‚ ÙˆÙ…Ù…ØªØ§Ø² Ø´ÙƒØ± Ø¬Ø²ÙŠÙ„Ø§ (18 July 2024); Ahmad H***: Ù…Ù…ØªØ§Ø² (18 July 2024); imran G***: all supar âœŒï¸ (18 July 2024); Khaled A***: Ø§Ù„Ø·Ù„Ø¨ ÙˆØµÙ„ Ù†Ø§Ù‚Øµ Ø­Ù„ÙˆÙŠ Ø§Ù„Ø¹Ø³Ù„ Ø¨Ø³ ÙˆØ§Ø­Ø¯ ØªÙ… Ø§Ø³ØªÙ„Ø§Ù…Ù‡ (18 July 2024)"
